-0.416984791504564,-0.00439469078758401,0.0169585774906741,0.0709320178271043,-0.0125638631763894,-0.408244454331662
-0.416969847443605,-0.0081832135689389,0.0333711404607613,0.0709289727523305,-0.0250431966945263,-0.408243196199537
-0.416902728704445,-0.0157486983744228,0.0661702457325641,0.0709150928160894,-0.0499874389048032,-0.408235429878227
-0.41677502029873,-0.0232807302852576,0.0988959973627766,0.0708882431898426,-0.0748918981688835,-0.408217333757061
-0.416581147789958,-0.030753641431758,0.131498082698431,0.0708471419810654,-0.0997320326314244,-0.408187721312617
-0.416321442873423,-0.0381437071975579,0.163929264856647,0.0707920464974592,-0.124484440051277,-0.40814657796827
-0.415996327425352,-0.0454275578034704,0.196142999192773,0.0707232991123624,-0.149126058100209,-0.408093860376779
-0.415606315702493,-0.0525822702459322,0.2280936245063,0.0706413255639568,-0.173634260493597,-0.408029502735799
-0.415152013068547,-0.0595854642943037,0.259736552100965,0.070546632167688,-0.197986949875372,-0.407953419898947
-0.414634114477326,-0.0664153931741309,0.291028443790076,0.0704398025141688,-0.222162644953893,-0.407865511065561
-0.414053402745653,-0.0730510281158265,0.321927377134242,0.0703214937100544,-0.24614056099682,-0.407765664007357
-0.413410746623468,-0.0794721360600398,0.352392996435607,0.070192432214502,-0.269900682917393,-0.407653759756953
-0.4127070986694,-0.0856593499379561,0.382386648276367,0.0700534093282558,-0.293423830321483,-0.407529677676636
-0.411943492940675,-0.0915942310781232,0.411871500665116,0.0699052763955541,-0.316691714027461,-0.407393300821098
-0.411121042506943,-0.0972593234285515,0.44081264513902,0.0697489397808759,-0.33968698371858,-0.40724452150523
-0.410240936798147,-0.102638199419505,0.469177181452993,0.0695853556830639,-0.362393266534307,-0.407083246987304
-0.409304438797057,-0.107715497425538,0.49693428476295,0.0694155248486381,-0.384795196550105,-0.406909405179074
-0.408312882087609,-0.11247695091185,0.524055255472613,0.069240487244252,-0.406878435231272,-0.406722950297174
-0.407267667770549,-0.116909409466985,0.550513552155973,0.0690613167453129,-0.428629683072379,-0.406523868374693
-0.406170261258217,-0.121000852029496,0.576284808186724,0.0688791158940007,-0.450036682747607,-0.406312182557538
-0.405022188960612,-0.1247403927086,0.601346832898156,0.0686950107753656,-0.471088214197198,-0.406087958117177
-0.403825034875049,-0.128118279676943,0.625679598259705,0.0685101460550716,-0.491774082160048,-0.405851307119044
-0.402580437091904,-0.131125887676428,0.649265212187344,0.0683256802168054,-0.512085096730524,-0.405602392694323
-0.401290084229009,-0.133755704726177,0.672087879706051,0.0681427810316172,-0.532013047570741,-0.405341432871538
-0.399955711807257,-0.136001313654892,0.694133853252969,0.0679626212855365,-0.551550672446563,-0.405068703933238
-0.398579098579977,-0.137857369098549,0.715391373450167,0.0677863747859975,-0.570691620777237,-0.404784543271841
-0.397162062828499,-0.13931957061056,0.735850601690577,0.0676152126618913,-0.589430412896971,-0.404489351727247
-0.395706458636176,-0.14038463252506,0.755503545869577,0.0674502999666636,-0.607762395721971,-0.404183595396823
-0.394214172152915,-0.141050251197632,0.774343980563531,0.0672927925887701,-0.625683695501561,-0.403867806915955
-0.392687117861979,-0.141315070221832,0.792367362905005,0.0671438344691546,-0.64319116830619,-0.403542586214114
-0.391127234860489,-0.141178644186803,0.80957074533911,0.0670045551211839,-0.660282348872782,-0.403208600757522
-0.389536483164717,-0.140641401502216,0.825952686367637,0.0668760674447532,-0.67695539838893,-0.402866585294799
-0.387916840050775,-0.139704606772939,0.841513160300295,0.0667594658230214,-0.693209051753805,-0.402517341126432
-0.386270296440892,-0.13837032315942,0.856253466939848,0.0666558244875126,-0.709042564807262,-0.40216173492267
-0.384598853344964,-0.136641375110968,0.870176142030112,0.0665661961350266,-0.724455661969507,-0.401800697117257
-0.382904518366483,-0.134521311810096,0.883284869199352,0.0664916107780041,-0.739448484686017,-0.401435219906636
-0.381189302281474,-0.132014371617026,0.895584394033269,0.0664330748086052,-0.754021541022986,-0.401066354885711
-0.379455215698385,-0.129125447755673,0.90708044081758,0.0663915702557345,-0.768175656711973,-0.400695210351974
-0.377704265806349,-0.125860055436494,0.917779632399603,0.066368054213626,-0.781911927897662,-0.400322948310161
-0.375938453218605,-0.12222430056743,0.927689413531402,0.066363458420217,-0.795231675799688,-0.399950781209188
-0.374159768917185,-0.118224850163779,0.936817977978248,0.0663786889634903,-0.808136403461084,-0.39957996844246
-0.372370191304403,-0.113868904529321,0.945174199601539,0.066414626094082,-0.820627754719583,-0.399211812641474
-0.370571683366022,-0.109164171246197,0.952767567557597,0.0664721241227998,-0.832707475505044,-0.398847655791236
-0.36876618995033,-0.104118840979774,0.959608125694704,0.066552011382154,-0.844377377538405,-0.398488875194311
-0.366955635166743,-0.098741565075873,0.96570641617546,0.0666550902316292,-0.855639304481064,-0.398136879308409
-0.365141919906979,-0.093041434902867,0.971073427305311,0.0667821370870887,-0.866495100562145,-0.397793103480483
-0.363326919491132,-0.0870279628689703,0.975720545507048,0.066933902455443,-0.876946581692256,-0.397459005598005
-0.361512481440504,-0.0807110650257987,0.979659511345769,0.0671111109565375,-0.886995509056203,-0.397136061676096
-0.359700423378455,-0.074101045152982,0.982902379479837,0.0673144613149884,-0.896643565164455,-0.396825761396885
-0.357892531059955,-0.0672085802046248,0.985461482388509,0.0675446263055273,-0.905892332332329,-0.396529603615314
-0.356090556530007,-0.0600447069872193,0.987349397708111,0.0678022526362451,-0.914743273548176,-0.396249091843452
-0.354296216410667,-0.0526208099292542,0.988578918992548,0.0680879607548905,-0.923197715685233,-0.395985729723378
-0.352511190315869,-0.044948609795524,0.989163029702161,0.0684023445642188,-0.931256835007236,-0.395741016496646
-0.35073711939282,-0.0370401531939197,0.989114880216966,0.0687459710330882,-0.938921644915188,-0.395516442476496
-0.348975604988352,-0.028907802718681,0.988447767664548,0.0691193796908101,-0.946192985880748,-0.39531348452723
-0.347228207438267,-0.0205642275721115,0.987175118349684,0.0695230819929445,-0.953071517510567,-0.395133601553583
-0.345496444977261,-0.0120223945058964,0.985310472572079,0.0699575605474628,-0.959557712686061,-0.39497823000135
-0.343781792766771,-0.00329555892370953,0.982867471619357,0.0704232681908898,-0.965651853723438,-0.394848779369238
-0.342085682037852,0.00560274401134747,0.979859846724735,0.0709206269047842,-0.971354030499243,-0.394746627730806
-0.340409499345805,0.0146587084182131,0.976301409782216,0.0714500265635433,-0.976664140487429,-0.394673117264166
-0.338754585933162,0.0238582670379341,0.972206045617912,0.0720118235053348,-0.981581890655813,-0.394629549786415
-0.337122237197396,0.0331871010173295,0.967587705619888,0.0726063389186266,-0.986106801168829,-0.39461718228896
-0.335513702259535,0.0426306502754197,0.962460402536183,0.0732338570376077,-0.990238210845045,-0.394637222469402
-0.333930183629817,0.0521741245847602,0.956838206257241,0.0738946231406208,-0.993975284317507,-0.394690824255326
-0.332372836966286,0.0618025154927305,0.950735240405733,0.0745888413466011,-0.997317020844672,-0.394779083315092
-0.330842770922202,0.0715006091990027,0.944165679564527,0.0753166722054625,-1.00026226471869,-0.394903032550735
-0.329341047078129,0.0812530004960866,0.937143746980547,0.076078230079452,-1.00280971721555,-0.395063637568281
-0.327868679954445,0.091044107870024,0.929683712591296,0.0768735803135491,-1.00495795003072,-0.395261792121143
-0.3264266371,0.10085818984703,0.921799891227982,0.0777027361943231,-1.00670542014001,-0.39549831352273
-0.325015839252806,0.110679362660296,0.913506640857244,0.0785656556979122,-1.00805048602184,-0.395773938025279
-0.323637160568401,0.120491619298636,0.904818360732934,0.0794622380293536,-1.00899142517384,-0.396089316162714
-0.322291428911811,0.130278849985547,0.895749489336637,0.0803923199570645,-1.00952645285121,-0.396445008056518
-0.320979426209,0.140024864123012,0.886314501994665,0.0813556719480688,-1.00965374194877,-0.396841478684994
-0.319701888853711,0.14971341372021,0.876527908068622,0.0823519941114907,-1.00937144394399,-0.397279093117743
-0.318459508165802,0.159328218311998,0.866404247624397,0.0833809119599399,-1.00867771081062,-0.397758111718992
-0.317252930897162,0.168852991356306,0.85595808749438,0.0844419720006629,-1.0075707178069,-0.398278685325339
-0.316082759781478,0.178271468083857,0.845204016656333,0.0855346371707932,-1.00604868703507,-0.398840850405641
-0.314949554124206,0.187567434757097,0.834156640862087,0.0866582821336869,-1.00410991166201,-0.399444524213225
-0.3138538304292,0.196724759278881,0.822830576458742,0.0878121884560731,-1.00175278068427,-0.400089499943094
-0.312796063058589,0.205727423074903,0.811240443354302,0.0889955396888127,-0.99897580411291,-0.400775441909642
-0.311776684922662,0.214559554157558,0.799400857090076,0.0902074163771524,-0.995777638448034,-0.40150188076345
-0.310796088196562,0.223205461262683,0.787326419991921,0.0914467910297138,-0.992157112306028,-0.402268208768748
-0.309854625060781,0.231649668935029,0.775031711382528,0.0927125230789373,-0.988113252057087,-0.403073675166688
-0.308952608462579,0.239876953423327,0.762531276846959,0.094003353869281,-0.983645307325433,-0.403917381652935
-0.308090312895597,0.247872379231237,0.749839616554489,0.0953179017132395,-0.97875277620084,-0.404798278001885
-0.30726797519493,0.25562133615765,0.736971172649349,0.0966546570590001,-0.97343543000663,-0.40571515787338
-0.306485795345218,0.263109576647172,0.723940315733461,0.0980119778174621,-0.96769333746705,-0.406666654841844
-0.305743937299408,0.27032325326123,0.710761330474764,0.0993880849002353,-0.961526888116774,-0.407651238691646
-0.305042529805783,0.277248956070735,0.697448400383851,0.100781058024027,-0.95493681479496,-0.408667212026221
-0.304381667241174,0.283873749763652,0.684015591812128,0.102188831840679,-0.947924215068749,-0.409712707242518
-0.30376141044826,0.290185210255139,0.670476837233594,0.103609192455721,-0.940490571434322,-0.410785683926069
-0.303181787575004,0.296171460583907,0.656845917881409,0.105039774401767,-0.932637770148365,-0.411883926725511
-0.302642794914271,0.301821205876877,0.643136445819209,0.106478058136272,-0.924368118549909,-0.413005043768776
-0.302144397741877,0.307123767164236,0.629361845534756,0.107921368136003,-0.91568436073989,-0.414146465686262
-0.301686531151381,0.312069113829813,0.615535335150657,0.109366871662993,-0.906589691495619,-0.415305445308966
-0.301269100883801,0.316647894486333,0.601669907354237,0.110811578278626,-0.897087768309115,-0.416479058111597
-0.300891984150809,0.320851466071894,0.587778310153595,0.112252340183866,-0.8871827214498,-0.417664203472558
-0.30055503044982,0.324671920973319,0.573873027572098,0.113685853464113,-0.876879161966457,-0.418857606823418
-0.300258062369337,0.328102111993144,0.559966260397824,0.115108660317011,-0.866182187558509,-0.420055822760611
-0.300000876383298,0.33113567499011,0.546069907107023,0.1165171523404,-0.855097386262306,-0.421255239191639
-0.299783243632869,0.33376704903822,0.532195545083005,0.117907574955397,-0.843630837915404,-0.422452082586087
-0.299604910694317,0.335991493965893,0.518354412252512,0.119276033036339,-0.831789113378963,-0.423642424398956
-0.299465600331665,0.337805105155147,0.504557389261578,0.120618497814826,-0.819579271516719,-0.424822188730024
-0.299365012232724,0.33920482550018,0.490814982311617,0.121930815119303,-0.807008853947001,-0.42598716127737
-0.299302823727311,0.34018845444497,0.477137306774025,0.12320871500443,-0.794085877602337,-0.427132999636756
-0.299278690486329,0.340754654041146,0.463534071698106,0.124447822815847,-0.780818825149208,-0.428255244990308
-0.343315382739009,0.0632373740702397,0.0416755512016257,0.0810621364904327,-0.0805756212271108,-0.400089357682623
-0.392343054828166,-0.249186131262868,-0.411845204082638,0.0303524920916277,0.68626070203467,-0.366426138313648
-0.396975137738663,-0.273367371589961,-0.452010489315342,0.0257632614304685,0.750900091022025,-0.363373405010492
-0.396722717940988,-0.262085162727426,-0.447093376072671,0.0269441460220509,0.734949282399496,-0.364360801902415
-0.396455117570939,-0.250753198727173,-0.44199769408431,0.0281382895865257,0.718769751155182,-0.36535783568866
-0.396137183369753,-0.239653331996619,-0.436496089456674,0.0292999414983679,0.702413336418155,-0.366305634546045
-0.395768464444218,-0.2287884789039,-0.430596770792398,0.0304299507020207,0.685891102730309,-0.367204742275709
-0.395349082296976,-0.21816090893152,-0.42430881709611,0.0315293889366222,0.669214318508221,-0.368056455666497
-0.394879222139796,-0.207772219792392,-0.417641788641977,0.0325993063005814,0.652394066044348,-0.368862070454422
-0.394359133419665,-0.197623361682791,-0.41060570995077,0.0336407327045994,0.635441249322472,-0.369622881716547
-0.393789129674372,-0.187714664220794,-0.403211051142627,0.0346546796983118,0.618366602467428,-0.370340184628537
-0.393169588249082,-0.178045863760768,-0.395468709075852,0.0356421421713129,0.601180698343631,-0.371015275045397
-0.392500949880447,-0.168616130987816,-0.387389988251202,0.036604099931888,0.583893957186527,-0.371649449921779
-0.391783718149226,-0.159424098705826,-0.378986581460444,0.0375415191655762,0.56651665515903,-0.372244007583127
-0.391018458802855,-0.150467889742045,-0.370270550158362,0.0384553537753534,0.549058932734788,-0.372800247858632
-0.390205798949564,-0.1417451448996,-0.361254304539418,0.0393465466048156,0.531530802820604,-0.373319472086347
-0.389346426126522,-0.133253050896889,-0.351950583301953,0.0402160305456575,0.513942158539645,-0.373802983000992
-0.388441087244565,-0.124988368239496,-0.342372433085856,0.0410647295305059,0.496302780606908,-0.374252084514288
-0.387490587412646,-0.116947458976563,-0.332533187573042,0.0418935594120684,0.478622344238082,-0.374668081397421
-0.38649578864543,-0.109126314298639,-0.322446446243588,0.0427034287295416,0.460910425541649,-0.375052278874814
-0.385457608457925,-0.101520581938594,-0.31212605278483,0.0434952393632221,0.443176507353163,-0.375405982138032
-0.384377018351389,-0.094125593341099,-0.301586073155323,0.0442698870782929,0.425429984479108,-0.375730495788208
-0.383255042194985,-0.0869363905693717,-0.290840773310035,0.0450282619588889,0.407680168325551,-0.376027123214815
-0.382092754508189,-0.0799477529203527,-0.279904596598679,0.0457712487336339,0.389936290894785,-0.376297165918364
-0.38089127864901,-0.0731542232216574,-0.268792140853961,0.0464997269940141,0.372207508140288,-0.376541922783811
-0.379651784913516,-0.0665501337851857,-0.257518135191673,0.0472145713071226,0.354502902676995,-0.376762689311118
-0.37837548855235,-0.0601296319931894,-0.246097416550018,0.0479166512245334,0.336831485850382,-0.376960756808871
-0.377063647710121,-0.0538867054936532,-0.234544906000323,0.0486068311892399,0.319202199173596,-0.377137411556158
-0.375717561293802,-0.0478152069818903,-0.222875584866664,0.0492859703428555,0.301623915147413,-0.377293933937505
-0.374338566776324,-0.0419088785456743,-0.211104470696096,0.0499549222354899,0.284105437482354,-0.377431597554943
-0.372928037941841,-0.036161375550981,-0.199246593126148,0.0506145344409405,0.266655500747047,-0.377551668320845
-0.371487382579098,-0.0305662900452887,-0.187316969700009,0.0512656480800897,0.249282769470603,-0.377655403534453
-0.370018040129412,-0.0251171736549904,-0.175330581683599,0.0519090972555905,0.231995836730096,-0.377744050944468
-0.368521479296052,-0.0198075599531132,-0.163302349942104,0.0525457084011893,0.214803222257362,-0.377818847799731
-0.366999195621455,-0.0146309862731336,-0.151247110935935,0.0531762995491841,0.197713370101241,-0.377881019889139
-0.365452709039015,-0.00958101494425865,-0.139179592898951,0.0538016795197235,0.180734645883892,-0.377931780571725
-0.363883561405955,-0.00465125392331246,-0.12711439226299,0.0544226470358109,0.163875333690768,-0.377972329797167
-0.36229331402377,0.000164623201983072,-0.115065950394078,0.0550399897680176,0.147143632634822,-0.37800385311658
-0.360683545152806,0.0048728578635202,-0.103048530706221,0.0556544833130768,0.130547653136081,-0.378027520683265
-0.359055847527083,0.00947958784246247,-0.0910761962189875,0.0562668901105138,0.114095412957847,-0.378044486242243
-0.357411825875608,0.0139908293029482,-0.079162787624251,0.0568779583016435,0.0977948330403807,-0.378055886107501
-0.355753094456222,0.0184124595546342,-0.0673219019261781,0.0574884205352791,0.0816537331717821,-0.378062838125507
-0.354081274607713,0.0227502005683219,-0.0555668717175056,0.058098992724479,0.0656798275352495,-0.378066440623161
-0.352397992325836,0.0270096032680109,-0.0439107451524514,0.0587103727586803,0.0498807201700973,-0.378067771338353
-0.350704875868669,0.031196032622081,-0.0323662666741953,0.0593232391755346,0.0342639003821611,-0.378067886331137
-0.349003553396397,0.0353146535551653,-0.0209458585516539,0.0599382497966954,0.0188367381371151,-0.378067818873403
-0.3472956506505,0.0393704177009825,-0.00966160327677998,0.0605560403317464,0.00360647946803611,-0.378068578315051
-0.345582788676926,0.0433680510151696,0.00147477312987926,0.0611772229543214,-0.0114197580737338,-0.378071148924496
-0.343866581597721,0.0473120422654579,0.0124519168626194,0.0618023848544456,-0.0262349898986574,-0.378076488701766
-0.342148634435091,0.0512066324150203,0.0232588610839164,0.0624320867708992,-0.0408323687663974,-0.378085528162205
-0.34043054099175,0.0550558049130616,0.0338850396534726,0.0630668615073444,-0.0552051890600608,-0.37809916908924
-0.338713881791156,0.0588632769045979,0.0443202998040408,0.0637072124358361,-0.0693468909299505,-0.378118283255002
-0.337000222080685,0.0626324913697537,0.0545549137392318,0.0643536119911123,-0.0832510642920324,-0.378143711107501
-0.335291109900821,0.0663666102006882,0.064579589134171,0.065006500159041,-0.0969114526697251,-0.378176260423816
-0.333588074222828,0.070068508222183,0.0743854785244835,0.0656662829623811,-0.110321956870197,-0.378216704928768
-0.331892623157353,0.0737407681598151,0.083964187574122,0.0663333309469555,-0.12347663848924,-0.378265782879209
-0.330206242235975,0.0773856765576364,0.0933077822174759,0.0670079776712309,-0.136369723241737,-0.3783241956144
-0.328530392767244,0.0810052206449993,0.102408794675734,0.0676905182021741,-0.148995604116971,-0.378392606073182
-0.326866510268901,0.0846010861500545,0.111260228352226,0.0683812076202636,-0.161348844360664,-0.378471637279602
-0.325216002977326,0.0881746560554462,0.119855561615545,0.0690802595364577,-0.173424180287698,-0.378561870798739
-0.323580250435089,0.0917270102895093,0.128188750483688,0.0697878446239364,-0.185216523931676,-0.378663845165185
-0.321960602157265,0.0952589263444165,0.136254230225984,0.070504089167467,-0.196720965539148,-0.378778054287144
-0.320358376376777,0.0987708808105281,0.144046915903201,0.0712290736332789,-0.207932775917772,-0.378904945829537
-0.318774858869095,0.1022630518143,0.151562201869756,0.07196283126251,-0.21884740864921,-0.379044919580425
-0.317211301855992,0.105735322345427,0.158795960264502,0.0727053466913536,-0.229460502178566,-0.379198325805178
-0.315668922988081,0.109187284456753,0.165744538519417,0.0734565546012395,-0.239767881792703,-0.379365463593627
-0.314148904405552,0.11261824431877,0.172404755917928,0.0742163384026228,-0.249765561500603,-0.379546579205983
-0.312652391876452,0.116027228109034,0.178773899236469,0.0749845289562173,-0.259449745829171,-0.379741864423948
-0.311180494011395,0.119412988714791,0.184849717504628,0.0757609033357762,-0.268816831547695,-0.37995145491376
-0.309734281553802,0.122774013225706,0.190630415920774,0.0765451836369365,-0.277863409334164,-0.380175428608907
-0.308314786744191,0.126108531191904,0.196114648960866,0.0773370358369216,-0.286586265395917,-0.380413804120301
-0.306923002757189,0.129414523621089,0.201301512719455,0.078136068710436,-0.294982383056787,-0.380666539182694
-0.305559883209767,0.1326897326868,0.206190536522279,0.0789418328074485,-0.30304894432165,-0.380933529146524
-0.30422634173878,0.135931672118562,0.210781673850089,0.0797538194990378,-0.310783331428202,-0.381214605524629
-0.302923251646247,0.139137638243247,0.215075292613905,0.0805714600980597,-0.318183128394855,-0.381509534604344
-0.301651445610373,0.142304721645391,0.219072164821556,0.0813941250618346,-0.325246122571717,-0.381818016135546
-0.300411715460328,0.145429819413016,0.22277345567547,0.0822211232846396,-0.331970306200504,-0.382139682105904
-0.299204812012597,0.148509647933967,0.226180712141151,0.0830517014883123,-0.338353877987203,-0.382474095614835
-0.298031444966989,0.151540756206547,0.229295851025483,0.0838850437198604,-0.344395244689633,-0.382820749858513
-0.296892282860035,0.154519539626916,0.23212114660356,0.0847202709655117,-0.350093022720402,-0.383179067238378
-0.295787953073331,0.157442254214488,0.234659217831948,0.0855564408911305,-0.355446039763616,-0.38354839860576
-0.294719041894927,0.160305031235035,0.236913015185822,0.0863925477195156,-0.360453336401764,-0.383928022656215
-0.293686094631136,0.163103892180398,0.238885807156701,0.0872275222555099,-0.365114167747536,-0.384317145486727
-0.292689615766591,0.165834764062368,0.240581166446764,0.0880602320703639,-0.369428005073425,-0.384714900329619
-0.291730069170378,0.168493494977011,0.24200295589501,0.0888894818571532,-0.373394537429668,-0.385120347477195
-0.290807878345553,0.171075869894979,0.243155314169927,0.0897140139693699,-0.377013673240048,-0.385532474410724
-0.289923426720115,0.173577626632205,0.244042641262653,0.0905325091551541,-0.380285541862961,-0.385950196148175
-0.28907705797684,0.175994471954493,0.24466958381381,0.0913435874997222,-0.383210495103618,-0.386372355824341
-0.28826907641991,0.178322097768692,0.245041020306665,0.092145809588711,-0.385789108661853,-0.386797725517373
-0.287499747375923,0.180556197352605,0.245162046158969,0.0929376779051327,-0.388022183499168,-0.387225007335147
-0.286769297627102,0.182692481575135,0.245037958744741,0.093717638472489,-0.389910747106875,-0.387652834774698
-0.286077915874616,0.184726695057501,0.244674242377239,0.0944840827563579,-0.391456054656577,-0.388079774367517
-0.285425753229661,0.186654632226593,0.244076553283775,0.0952353498363892,-0.392659590013859,-0.388504327622703
-0.284812923730347,0.188472153210943,0.243250704602549,0.0959697288600764,-0.393523066595005,-0.388924933279431
-0.284239504882199,0.190175199529871,0.242202651431451,0.0966854617890029,-0.394048428046465,-0.389339969879168
-0.283705538220474,0.191759809527046,0.240938475958189,0.0973807464474109,-0.394237848726879,-0.389747758667276
-0.283211029892045,0.193222133499498,0.239464372701121,0.0980537398818462,-0.394093733971405,-0.39014656683198
-0.282755951255119,0.194558448474009,0.237786633889653,0.0987025620394774,-0.393618720118434,-0.390534611087787
-0.282340239494971,0.195765172583905,0.235911635012673,0.0993252997712587,-0.392815674279643,-0.39091006160875
-0.281963798253764,0.196838878999831,0.233845820563371,0.0999200111644863,-0.391687693834773,-0.391271046315079
-0.281626498272741,0.197776309369528,0.231595690008495,0.100484730207502,-0.390238105633782,-0.391615655514877
-0.281328178045372,0.198574386723282,0.229167784009529,0.101017471787416,-0.388470464890236,-0.391941946901012
-0.281068644479464,0.19923022780318,0.226568670923005,0.101516237019346,-0.386388553751025,-0.392247950900123
-0.28084767356695,0.199741154776238,0.223804933606788,0.101979018903502,-0.383996379529277,-0.392531676369147
-0.280665011059892,0.200104706293642,0.220883156558681,0.102403808303801,-0.38129817258908,-0.392791116631844
-0.28052037315113,0.200318647860704,0.217809913412929,0.102788600239016,-0.378298383872389,-0.393024255844931
-0.315053584386912,0.0780941739058467,0.0346680090815259,0.0655834634306078,-0.0720648226490391,-0.367723908504344
-0.358488679028955,-0.0766940075582666,-0.191667819444408,0.0176970333474754,0.310064873132279,-0.334878682984195
-0.367053038731694,-0.106731068103666,-0.2365340028515,0.00798177155586741,0.385265609040346,-0.32806097106244
-0.366605574191276,-0.103694668972987,-0.234971367997952,0.00848105555077307,0.380798669002046,-0.328305443968259
-0.366139653450774,-0.100456807240789,-0.233326033611756,0.00904303522213059,0.376048683108198,-0.328605011781962
-0.365634782338533,-0.097165094382588,-0.231481177515904,0.00962301309973575,0.371042552534707,-0.328909761210362
-0.365090997668803,-0.0938249191871993,-0.229437940157938,0.0102195562960217,0.365786752104491,-0.329218208253704
-0.364508614974249,-0.0904415344895231,-0.227197823397089,0.0108314073872782,0.360287968355729,-0.329529296943873
-0.363887990203026,-0.0870200144124856,-0.224762602523681,0.011457374474211,0.354552988657315,-0.329842048732222
-0.36322951952391,-0.0835652482094578,-0.222134325843355,0.0120963301212352,0.348588694869807,-0.330155560958618
-0.36253363896968,-0.0800819354627336,-0.219315313246683,0.0127472102178105,0.342402057162172,-0.330469005261276
-0.361800824016831,-0.0765745820740225,-0.216308154145203,0.013409012704335,0.336000127969455,-0.330781625833303
-0.361031589103298,-0.073047497035597,-0.213115704784689,0.0140807961786742,0.32939003609172,-0.33109273754494
-0.360226487084647,-0.0695047899684799,-0.209741084947644,0.0147616783976573,0.322578980933195,-0.331401723947708
-0.359386108629732,-0.0659503694117676,-0.206187674057398,0.0154508346868879,0.315574226878741,-0.331708035176185
-0.358511081556717,-0.0623879418453752,-0.202459106697826,0.0161474962709293,0.308383097804543,-0.332011185761565
-0.357602070110665,-0.0588210114266264,-0.198559267562979,0.0168509485349857,0.301012971718289,-0.33231075237049
-0.35665977418409,-0.0552528804194452,-0.19449228585192,0.0175605292282097,0.293471275523545,-0.332606371481625
-0.355684928481737,-0.051686650293411,-0.190262529125277,0.0182756266177028,0.285765479902596,-0.332897737011178
-0.354678301631562,-0.0481252234685843,-0.185874596640223,0.0189956776015864,0.277903094311021,-0.333184597898351
-0.353640695243542,-0.0445713056807629,-0.18133331218209,0.0197201657885406,0.269891662077381,-0.333466755660261
-0.352572942918025,-0.0410274089406215,-0.176643716411149,0.0204486195505023,0.261738755600589,-0.33374406192506
-0.351475909206153,-0.037495855059377,-0.17181105874428,0.0211806100545656,0.253451971637883,-0.33401641595189
-0.350350488524093,-0.0339787797126671,-0.1668407887919,0.0219157492793694,0.24503892667599,-0.334283762144627
-0.349197604023686,-0.0304781370134756,-0.161738547371355,0.0226536880207925,0.236507252378074,-0.334546087566522
-0.34801820642171,-0.0269957045644381,-0.156510157118922,0.0233941138911294,0.227864591099471,-0.334803419461537
-0.346813272790293,-0.0235330889593287,-0.151161612723307,0.0241367493154812,0.219118591465396,-0.335055822787892
-0.345583805311175,-0.0200917317027644,-0.145699070804142,0.024881349528717,0.210276904003738,-0.335303397768873
-0.344330829996317,-0.0166729155172761,-0.140128839460166,0.025627700575846,0.201347176827203,-0.335546277464951
-0.343055395377602,-0.0132777710062952,-0.134457367512083,0.0263756173183875,0.192337051358908,-0.335784625371104
-0.341758571168479,-0.00990728364137199,-0.128691233466111,0.0271249414490151,0.183254158096185,-0.336018633042707
-0.340441446900284,-0.00656230104204659,-0.122837134224821,0.027875539516427,0.174106112408155,-0.336248517752737
-0.339105130536051,-0.00324354051666683,-0.116901873572396,0.028627300962223,0.164900510362896,-0.336474520182697
-0.337750747064777,4.84031676543026e-05,-0.110892350462194,0.0293801361713388,0.155644924580778,-0.33669690214937
-0.336379437078976,0.00331304981755244,-0.104815547134976,0.030133974537436,0.146346900111152,-0.336915944369008
-0.334992355338332,0.00655002567972161,-0.0986785170965298,0.0308887625444787,0.137013950330217,-0.337131944260179
-0.333590669322396,0.00975905517231881,-0.0924883729839144,0.0316444618656378,0.127653552858432,-0.337345213786364
-0.332175557775177,0.0129399525124209,-0.0862522743498516,0.0324010474805816,0.118273145496431,-0.337556077339011
-0.330748209244448,0.01609261327014,-0.0799774153950374,0.0331585058121074,0.108880122179029,-0.337764869661499
-0.329309820618573,0.0192170058793808,-0.073671012678255,0.0339168328830233,0.0994818289476,-0.337971933814218
-0.327861595663423,0.0223131631351029,-0.0673402928341638,0.0346760324941683,0.0900855599411659,-0.338177619180667
-0.326404743562505,0.0253811737062438,-0.060992480328792,0.0354361144244678,0.0806985534075368,-0.338382279514829
-0.324940477462491,0.0284211736928075,-0.0546347852825772,0.036197092653803,0.07132798773609,-0.338586271029041
-0.323470013026924,0.0314333382551656,-0.0482743913902457,0.0369589836096215,0.0619809775138331,-0.338789950522214
-0.321994567000596,0.0344178733426337,-0.0419184439669139,0.037721804438113,0.0526645696073874,-0.338993673547812
-0.320515355787114,0.0373750075481115,-0.035574038149248,0.0384855713008844,0.0433857392732848,-0.339197792621164
-0.319033594041751,0.0403049841142737,-0.0292482072795929,0.0392502976980325,0.0341513862992886,-0.339402655465216
-0.317550493282,0.0432080531161695,-0.0229479115009284,0.0400159928185756,0.0249683311800556,-0.339608603294211
-0.31606726051799,0.0460844638444037,-0.0166800265892231,0.0407826599193001,0.0158433113298515,-0.339815969134733
-0.314585096904766,0.0489344574116796,-0.0104513330493203,0.0415502947330379,0.00678297733595419,-0.340025076183379
-0.313105196418479,0.0517582596048564,-0.00426850549918341,0.0423188839075337,-0.00220611074428233,-0.340236236200609
-0.311628744558138,0.0545560740035226,0.00186189763347152,0.0430884034760679,-0.0111174870394143,-0.340449747940113
-0.310156917074903,0.0573280753849813,0.0079334440790871,0.0438588173610766,-0.0199447834694685,-0.340665895613444
-0.308690878730508,0.0600744034344978,0.0139398373374417,0.044630075912146,-0.0286817332983711,-0.34088494738972
-0.307231782086157,0.0627951567784095,0.0198749259114722,0.0454021144797172,-0.0373221746299771,-0.34110715392995
-0.305780766323562,0.0654903873567024,0.0257327121446028,0.0461748520260265,-0.0458600538448573,-0.341332746956303
-0.304338956099385,0.0681600951502048,0.0315073606440904,0.0469481897748453,-0.0542894289752356,-0.34156193785645
-0.302907460434035,0.0708042232765621,0.0371932062740817,0.0477220099016593,-0.0626044730156873,-0.341794916323095
-0.301487371636259,0.0734226534676491,0.0427847617035857,0.0484961742660591,-0.0707994771671344,-0.342031849029623
-0.300079764264252,0.0760152019399266,0.0482767244961418,0.0492705231881746,-0.0788688540121818,-0.342272878342386
-0.298685694124331,0.0785816156680796,0.0536639837294663,0.0500448742711402,-0.0868071406200897,-0.34251812107086
-0.297306197307799,0.0811215690705281,0.0589416261350056,0.0508190212716191,-0.0946090015796406,-0.342767667256743
-0.295942289266672,0.0836346611145365,0.0641049417485756,0.051592733020554,-0.102269231958502,-0.343021579003508
-0.294594963928944,0.0861204128470123,0.0691494290653445,0.0523657523964779,-0.109782760188106,-0.343279889348318
-0.293265192853725,0.0885782653558274,0.074070799693529,0.0531377953537489,-0.117144650872955,-0.343542601178166
-0.291953924426599,0.0910075781652191,0.0788649825027767,0.0539085500082505,-0.124350107523573,-0.343809686192482
-0.290662083095604,0.0934076280671847,0.0835281272650888,0.0546776757832196,-0.131394475212498,-0.34408108391491
-0.289390568647885,0.0957776083898382,0.0880566077870797,0.0554448026179748,-0.138273243152788,-0.344356700756876
-0.288140255527081,0.0981166287020701,0.0924470245343196,0.0562095302424562,-0.144982047198759,-0.344636409136024
-0.286911992191473,0.100423714952484,0.096696206749675,0.0569714275206068,-0.151516672268494,-0.344920046652795
-0.285706600513,0.102697810039511,0.100801214068909,0.0577300318657899,-0.157873054687881,-0.345207415328918
-0.284524875216639,0.104937774808062,0.104759337638322,0.0584848487314941,-0.164047284456014,-0.345498280911214
-0.283367583360109,0.107142389466818,0.108568100740391,0.0592353511807672,-0.170035607431569,-0.345792372244951
-0.282235463853684,0.109310355418999,0.112225258934533,0.0599809795379055,-0.175834427439754,-0.346089380720985
-0.28112922701949,0.111440297498319,0.115728799721406,0.0607211411260279,-0.181440308299548,-0.346388959800906
-0.280049554190147,0.11353076660038,0.119076941740192,0.0614552100943049,-0.186849975770501,-0.346690724625006
-0.278997097345975,0.115580242698672,0.122268133509456,0.062182527338646,-0.192060319418476,-0.346994251707545
-0.277972478790488,0.117587138233237,0.125301051723086,0.0629024005197923,-0.197068394399419,-0.347299078724437
-0.27697629086339,0.119549801858772,0.128174599113692,0.063614104182757,-0.201871423159947,-0.347604704398108
-0.276009095690426,0.121466522537917,0.130887901896932,0.0643168799816397,-0.206466797053495,-0.3479105884846
-0.275071424969689,0.123335533964456,0.133440306810876,0.0650099370138995,-0.210852077870424,-0.34821615186828
-0.274163779793276,0.125155019300053,0.135831377765247,0.0656924522680615,-0.215024999280171,-0.348520776768867
-0.273286630503705,0.126923116207143,0.138060892116298,0.0663635711889202,-0.218983468183348,-0.348823807066016
-0.272440416584399,0.12863792215982,0.140128836583367,0.0670224083641812,-0.222725565971281,-0.349124548746589
-0.271625546583301,0.130297500013523,0.142035402824142,0.067668048336423,-0.22624954969038,-0.349422270479395
-0.270842398068783,0.131899883813578,0.143780982685931,0.068299546544129,-0.229553853108324,-0.349716204322181
-0.270091317616947,0.133443084821813,0.145366163150619,0.0689159303953282,-0.232637087678566,-0.350005546565355
-0.269372620829653,0.134925097739886,0.146791720991836,0.0695162004773098,-0.235498043399909,-0.35028945871708
-0.268686592382047,0.136343907107173,0.148058617162844,0.0700993319054788,-0.238135689567217,-0.350567068633392
-0.268033486098999,0.137697493850552,0.149167990934097,0.0706642758142286,-0.240549175409173,-0.350837471797375
-0.267413525059231,0.138983841962981,0.150121153799755,0.0712099609923223,-0.242737830609001,-0.351099732750442
-0.266826901726428,0.140200945287089,0.150919583172679,0.0717352956648803,-0.244701165703587,-0.351352886678728
-0.266273778106429,0.14134681437992,0.151564915887495,0.0722391694236631,-0.246438872356527,-0.351595941157075
-0.265754285929255,0.142419483434583,0.152058941531677,0.0727204553067886,-0.247950823500591,-0.351827878052028
-0.265268526855338,0.143417017234183,0.152403595624495,0.0731780120284957,-0.249237073344689,-0.352047655585368
-0.26481657270502,0.144337518113535,0.152600952663894,0.073610686358974,-0.250297857240759,-0.352254210558672
-0.264398465710194,0.145179132904011,0.152653219061273,0.0740173156535649,-0.251133591405916,-0.352446460738491
-0.264014218787288,0.145940059836861,0.152562725984177,0.0743967305299389,-0.251744872495144,-0.352623307401234
-0.263663815830666,0.146618555380546,0.152331922127023,0.0747477576911306,-0.252132477020329,-0.352783638035995
-0.263347212025561,0.147212940987824,0.151963366429351,0.0750692228913469,-0.252297360610934,-0.352926329202475
-0.263064334179697,0.147721609728706,0.151459720761693,0.075359954040776,-0.252240657112759,-0.353050249540522
-0.262815081072504,0.148143032785562,0.150823742598465,0.0756187844445132,-0.251963677520755,-0.353154262926357
-0.262599323821356,0.148475765787427,0.150058277697028,0.0758445561698465,-0.251467908742409,-0.353237231770081
-0.262416906263842,0.14871845496103,0.149166252802212,0.0760361235351596,-0.250755012188973,-0.353298020447701
-0.262267645355145,0.148869843076478,0.148150668394899,0.0761923567125521,-0.249826822191596,-0.35333549885964
-0.262151331580018,0.148928775166734,0.147014591503105,0.0763121454353536,-0.248685344240487,-0.353348546107213
-0.287356666320421,0.0788860988285514,0.0417853536142989,0.0468203730206596,-0.0728875142458189,-0.332568954087521
-0.323810289919048,-0.0229434143500998,-0.108604983033063,0.00358344164194809,0.180022308771657,-0.301988401640732
-0.334800588901945,-0.053789623771936,-0.154207695522627,-0.00976281849193197,0.256704372516722,-0.292424219535589
-0.33439845434816,-0.0525086808880958,-0.153285063116085,-0.00948982283600143,0.254546096143287,-0.292498431256725
-0.33397601972436,-0.0510702868722223,-0.15230916174626,-0.00914940991356094,0.252178992760365,-0.29263182023561
-0.33352299652792,-0.0495716138681484,-0.151201064489755,-0.00878251184675887,0.249617649357705,-0.292781902950019
-0.333039557332703,-0.0480155871350483,-0.149961264328495,-0.00839031688346129,0.246865453947581,-0.292947506939069
-0.332526046190336,-0.0464051292543486,-0.148590454179432,-0.0079739334571391,0.243925977108556,-0.293127694925759
-0.331982835932873,-0.044743127469991,-0.147089483060758,-0.00753444461393152,0.240802914486116,-0.293321563421977
-0.331410327796038,-0.0430324282299003,-0.145459357251416,-0.00707290687538796,0.237500082654587,-0.293528243517398
-0.330808950985549,-0.041275832327558,-0.143701240905026,-0.00659034928179938,0.234021414936734,-0.293746901512006
-0.330179162209172,-0.0394760903786949,-0.141816456313805,-0.00608777260098833,0.230370957192491,-0.293976739376694
-0.329521445175585,-0.0376358986392963,-0.139806483821181,-0.00556614869464367,0.226552863582248,-0.294216995051259
-0.32883631006063,-0.0357578951700391,-0.137672961382724,-0.0050264200344945,0.222571392309898,-0.294466942588308
-0.32812429294183,-0.0338446563504123,-0.135417683775712,-0.00446949936049826,0.218430901349754,-0.294725892152093
-0.327385955202216,-0.0318986937447812,-0.133042601458824,-0.00389626947334228,0.214135844161626,-0.294993189881201
-0.326621882903915,-0.0299224513215232,-0.130549819084224,-0.0033075831537144,0.209690765397958,-0.295268217623237
-0.32583268613278,-0.0279183030248442,-0.127941593665204,-0.00270426320081343,0.205100296606359,-0.295550392550388
-0.325018998315092,-0.0258885506977505,-0.125220332403438,-0.00208710258274924,0.200369151930671,-0.295839166664268
-0.32418147550724,-0.0238354223535363,-0.122388590180768,-0.00145686469170407,0.195502123813374,-0.296134026198026
-0.323320795659753,-0.0217610707920945,-0.119449066721303,-0.000814283696885784,0.190504078702036,-0.296434490923899
-0.322437657856471,-0.0196675725559668,-0.116404603430354,-0.000160064988510511,0.185379952761762,-0.296740113373603
-0.321532781530461,-0.0175569272202687,-0.113258179917585,0.000505114293742222,0.180134747595804,-0.297050477979393
-0.320606905657807,-0.0154310570095611,-0.110012910212713,0.00118060465405188,0.174773525976271,-0.297365200142806
-0.319660787930454,-0.0132918067336705,-0.106672038682529,0.00186578356167474,0.169301407586274,-0.297683925237952
-0.318695203909614,-0.0111409440337264,-0.103238935658854,0.00256005470587244,0.163723564774988,-0.298006327556115
-0.317710946160849,-0.00898015992861863,-0.0997170927881655,0.00326284719010241,0.158045218327046,-0.298332109197693
-0.316708823372518,-0.00681106965141875,-0.0961101181136965,0.00397361467087055,0.152271633247247,-0.298660998917862
-0.315689659458876,-0.00463521376450655,-0.0924217309019223,0.00469183444632057,0.146408114561718,-0.298992750931488
-0.314654292648989,-0.00245405954143411,-0.0886557562258326,0.00541700649943178,0.140460003136445,-0.299327143682453
-0.313603574563256,-0.000269002602919538,-0.084816119317924,0.00614865250050426,0.134432671514073,-0.299663978582853
-0.31253836927886,0.00191863120635253,-0.0809068397066523,0.00688631477334804,0.128331519769864,-0.30000307872674
-0.311459552385487,0.00410758371370706,-0.0769320251504892,0.00762955522935978,0.122161971387826,-0.300344287582748
-0.310368010032862,0.00629666210162983,-0.07289586538405,0.008377954273556,0.11592946915758,-0.300687467669999
-0.309264637971528,0.00848473639284161,-0.0688026256915959,0.0091311096863652,0.109639471092965,-0.301032499221197
-0.308150340588301,0.0106707367521499,-0.0646566403234945,0.00988863548476406,0.103297446373533,-0.301379278836462
-0.307026029937789,0.0128536506207275,-0.0604623057713321,0.0106501607662972,0.0969088713094154,-0.301727718131453
-0.305892624771471,0.0150325196984248,-0.0562240739182368,0.0114153285392214,0.0904792253309222,-0.302077742382888
-0.304751049565614,0.0172064367899707,-0.051946445080772,0.0121837945419325,0.0840139870037506,-0.302429289174354
-0.303602233549442,0.019374542531257,-0.0476339609593404,0.0129552260546738,0.0775186300709374,-0.302782307045126
-0.302447109735134,0.02153602201191,-0.043291197514164,0.0137293007063974,0.07099861952282,-0.303136754144741
-0.301286613950542,0.0236901013103589,-0.0389227577838771,0.014505705279502,0.0644594076961084,-0.303492596895213
-0.300121683876228,0.0258360439577448,-0.0345332646640616,0.0152841345150968,0.0579064304034422,-0.303849808663326
-0.298953258088058,0.0279731473470096,-0.0301273536631182,0.0160642899213112,0.0513451030948101,-0.304208368444972
-0.297782275106508,0.0301007391032874,-0.0257096656527608,0.0168458785870726,0.0447808170522932,-0.304568259563265
-0.296609672454046,0.032218173431734,-0.0212848396303732,0.0176286120037243,0.0382189356195657,-0.304929468382326
-0.295436385721336,0.0343248274586012,-0.0168575055103211,0.0184122048967286,0.0316647904676653,-0.305291983037911
-0.294263347643885,0.0364200975813987,-0.0124322769613526,0.0191963740696912,0.0251236778986841,-0.305655792186877
-0.293091487189995,0.0385033958434404,-0.00801374430684139,0.0199808372628275,0.0186008551890692,-0.306020883776625
-0.291921728660923,0.0405741463478841,-0.00360646750418456,0.0207653120279886,0.0121015369739888,-0.306387243835794
-0.29075499080453,0.0426317817262771,0.000785030780182408,0.0215495146223184,0.00563089167450859,-0.306754855287746
-0.289592185943009,0.0446757396755804,0.00515627198449005,0.0223331589224936,-0.000805962030542561,-0.307123696787657
-0.288434219115979,0.0467054595779996,0.00950282833864478,0.0231159553616216,-0.00720395868662006,-0.307493741584888
-0.287281987239629,0.0487203792170088,0.0138203294095579,0.0238976098907289,-0.0135580894976133,-0.307864956411646
-0.286136378282506,0.0507199316024536,0.018104468490397,0.0246778229667673,-0.0198634057103963,-0.308237300398857
-0.284998270459115,0.0527035419173695,0.0223510088198129,0.0254562885691184,-0.0261150219481693,-0.308610724020902
-0.28386853144183,0.0546706245982824,0.0265557896179449,0.0262326932465171,-0.0323081194909601,-0.30898516807021
-0.282748017591761,0.0566205805603559,0.0307147319264369,0.0270067151963174,-0.0384379495016788,-0.309360562662936
-0.281637573209268,0.0585527945780822,0.0348238442405538,0.0277780233780636,-0.0444998361962585,-0.309736826277104
-0.280538029804726,0.0604666328315205,0.0388792279219323,0.028546276663282,-0.0504891799562033,-0.310113864824546
-0.279450205389995,0.0623614406273164,0.0428770823816097,0.0293111230234696,-0.0564014603822058,-0.310491570758012
-0.278374903791151,0.0642365403034166,0.0468137100232524,0.0300721987582506,-0.062232239287433,-0.310869822214982
-0.277312913982933,0.0660912293251433,0.0506855209376647,0.0308291277656724,-0.0679771636290004,-0.311248482199706
-0.276265009445183,0.0679247785799209,0.0544890373402122,0.031581520856646,-0.0736319683763517,-0.311627397804993
-0.27523194754174,0.0697364308771204,0.0582208977437106,0.0323289751155614,-0.0791924793153141,-0.312006399475535
-0.274214468922262,0.0715253996586713,0.0618778608601462,0.0330710733091356,-0.084654615786588,-0.312385300314744
-0.273213296946871,0.073290867925213,0.0654568092252733,0.033807383345497,-0.0900143933573166,-0.312763895436485
-0.272229137134102,0.0750319873819923,0.0689547525413082,0.034537457785662,-0.095267926424883,-0.313141961364022
-0.271262676632409,0.0767478778077888,0.0723688307332066,0.0352608334094403,-0.100411430751459,-0.313519255478137
-0.270314583715226,0.0784376266492193,0.0756963167155737,0.0359770308379255,-0.105441225928484,-0.313895515516441
-0.269385507299859,0.0801002888422537,0.0789346188674463,0.0366855542146823,-0.110353737769882,-0.314270459126176
-0.268476076490058,0.0817348868616625,0.0820812832132436,0.0373858909477392,-0.115145500632831,-0.314643783472469
-0.26758690014263,0.0833404109984458,0.0851339953092372,0.0380775115145625,-0.119813159665172,-0.315015164904704
-0.266718566457935,0.0849158198646089,0.0880905818352984,0.0387598693321438,-0.124353472978384,-0.315384258683168
-0.265871642594255,0.0864600411235696,0.0909490118926509,0.0394324006942935,-0.128763313744876,-0.315750698768324
-0.265046674306119,0.0879719724438185,0.0937073980093104,0.0400945247782869,-0.133039672218623,-0.316114097675301
-0.264244185606296,0.0894504826728668,0.0963639968552344,0.0407456437229308,-0.137179657678025,-0.316474046395818
-0.26346467845167,0.0908944132272952,0.0989172096703241,0.041385142780083,-0.141180500289611,-0.316830114390246
-0.262708632452718,0.0923025796944121,0.101365582409003,0.0420123905416613,-0.145039552891633,-0.317181849652163
-0.26197650460627,0.0936737736400553,0.103707805605676,0.0426267392440471,-0.148754292696174,-0.317528778847586
-0.261268729051729,0.0950067646162101,0.105942713966345,0.0432275251517719,-0.152322322908424,-0.317870407531597
-0.260585716850464,0.0963003023618214,0.108069285691699,0.0438140690222325,-0.155741374261633,-0.318206220444534
-0.259927855788005,0.097553119189134,0.110086641538427,0.0443856766531572,-0.15900930646661,-0.318535681889869
-0.259295510198936,0.0987639325472507,0.11199404362564,0.0449416395143574,-0.162124109574144,-0.318858236195979
-0.258689020814385,0.0999314477542999,0.113790893993424,0.0454812354651436,-0.16508390524853,-0.319173308263891
-0.258108704631527,0.101054360888526,0.115476732922008,0.0460037295586968,-0.1678869479509,-0.319480304202545
-0.257554854805173,0.102131361828421,0.117051237019917,0.04650837493448,-0.170531626030585,-0.319778612053618
-0.257027740561054,0.10316113743139,0.118514217089949,0.0469944137995542,-0.173016462722765,-0.320067602607222
-0.256527607130231,0.104142374839703,0.119865615782427,0.0474610784994203,-0.175340117050493,-0.320346630309422
-0.256054675704718,0.105073764902278,0.121105505045667,0.0479075926788532,-0.177501384629446,-0.320615034263004
-0.255609143413948,0.105954005700474,0.122234083383666,0.0483331725328646,-0.179499198373489,-0.320872139322157
-0.255191183321393,0.106781806165301,0.123251672931576,0.0487370281476026,-0.181332629099055,-0.321117257281055
-0.254800944441393,0.107555889773435,0.124158716359885,0.0491183649307827,-0.183000886026566,-0.321349688156869
-0.254438551775672,0.108274998309053,0.124955773618239,0.0494763851308173,-0.184503317176877,-0.3215687215667
-0.25410410636922,0.108937895678119,0.125643518530451,0.0498102894435111,-0.185839409660959,-0.321773638197868
-0.253797685385336,0.109543371761781,0.126222735252065,0.0501192787047804,-0.187008789860918,-0.321963711370595
-0.253519342199012,0.110090246294871,0.126694314602362,0.0504025556674013,-0.188011223500417,-0.322138208691104
-0.253269106508786,0.110577372756032,0.127059250282625,0.0506593268594732,-0.188846615602905,-0.322296393793743
-0.253046984466647,0.111003642255512,0.127318634992663,0.0508888045217599,-0.189515010335933,-0.322437528169644
-0.25285295882522,0.111367987406509,0.127473656457648,0.0510902086205585,-0.190016590739767,-0.322560873078521
-0.252686989102213,0.111669386166371,0.127525593377535,0.0512627689324059,-0.190351678339151,-0.322665691540652
-0.252549011761701,0.111906865633839,0.12747581131111,0.051405727196319,-0.190520732636737,-0.322751250404992
-0.252438940411719,0.112079505788462,0.127325758506621,0.0515183393287232,-0.190524350486734,-0.322816822488691
-0.252356666018062,0.112186443158735,0.12707696169151,0.0515998776958755,-0.1903632653482,-0.322861688783383
-0.252302057133531,0.112226874405707,0.126731021832906,0.0516496334378792,-0.190038346416933,-0.32288514072219
-0.252274960142471,0.112200059808807,0.126289609880796,0.0516669188379104,-0.189550597635141,-0.322886482501472
-0.269891458938847,0.0675870520783199,0.0593797148163637,0.0293516998287621,-0.0778478971935931,-0.306791747298645
-0.299828764433684,-0.00860551956426781,-0.0534746293671083,-0.00893274666883257,0.111459365094352,-0.279102514313523
-0.312014196660873,-0.0398187655893521,-0.0994322802009825,-0.0247436372697795,0.188727876937779,-0.2676145632744
-0.311749234943975,-0.0392148722006262,-0.0987382653789691,-0.0245768621907132,0.187431076345647,-0.267694743502298
-0.311463459853354,-0.0384871154947797,-0.0980060916517418,-0.0243455112378359,0.185974419656123,-0.267831570203434
-0.311153491060131,-0.0377063420296847,-0.0971751177590851,-0.0240872825437613,0.184365051123221,-0.267987595000569
-0.310819517932451,-0.0368743250491156,-0.0962456409683976,-0.0238030896255796,0.182605025136838,-0.268161928897523
-0.310461849899186,-0.0359928659431365,-0.0952181023358384,-0.0234938136205008,0.180696551093305,-0.268353824677736
-0.310080818179208,-0.0350637690035043,-0.0940930501117098,-0.0231603296932991,0.178641951180718,-0.268562547697407
-0.309676775400154,-0.0340888375932318,-0.0928711407383939,-0.0228035055836223,0.176443657666879,-0.268787377080911
-0.309250095192954,-0.0330698706388595,-0.0915531395025031,-0.0224242003051084,0.174104210109592,-0.269027606786342
-0.308801171765178,-0.0320086592817117,-0.0901399209738029,-0.0220232629595208,0.171626252501012,-0.269282546552965
-0.308330419453911,-0.0309069836953725,-0.0886324692278607,-0.021601531663614,0.169012530350413,-0.269551522733554
-0.307838272258885,-0.0297666100753685,-0.0870318778502512,-0.0211598325862027,0.166265887709459,-0.269833879014825
-0.307325183356501,-0.0285892878069377,-0.0853393497199964,-0.0206989790926129,0.163389264143829,-0.270128977029387
-0.306791624595203,-0.0273767468153268,-0.0835561965715348,-0.0202197709935266,0.16038569165518,-0.270436196862554
-0.306238085973201,-0.026130695102926,-0.0816838383342786,-0.0197229938949826,0.157258291557192,-0.270754937458127
-0.305665075099326,-0.0248528164764325,-0.079723802250096,-0.0192094186461819,0.154010271309589,-0.271084616927109
-0.305073116637346,-0.0235447684664758,-0.0776777217690306,-0.0186798008814974,0.150644921313174,-0.271424672763132
-0.304462751734912,-0.0222081804416436,-0.0755473352248574,-0.0181348806531278,0.147165611669851,-0.271774561969049
-0.303834537437844,-0.0208446519179126,-0.0733344842921913,-0.0175753821506451,0.143575788910744,-0.2721337610989
-0.303189046090327,-0.0194557510638569,-0.0710411122274704,-0.0170020135036169,0.139878972695465,-0.272501766219343
-0.302526864722333,-0.0180430134011397,-0.0686692618973029,-0.0164154666635408,0.136078752486012,-0.272878092795267
-0.301848594424529,-0.0166079406993373,-0.0662210735972873,-0.0158164173611546,0.132178784197789,-0.273262275503418
-0.301154849711789,-0.0151520000633032,-0.0636987826659494,-0.0152055251353433,0.128182786831038,-0.273653867978487
-0.300446257876407,-0.0136766232106552,-0.0611047168982699,-0.014583433429734,0.124094539085219,-0.274052442496221
-0.299723458331371,-0.0121832059362877,-0.0584412937641918,-0.0139507697531639,0.119917875958961,-0.274457589597207
-0.298987101944835,-0.0106731077602864,-0.0557110174380548,-0.0133081459002601,0.115656685338355,-0.274868917655702
-0.298237850366824,-0.00914765175491995,-0.0529164756449917,-0.0126561582283204,0.111314904575763,-0.275286052397741
-0.29747637534858,-0.00760812454597964,-0.0500603363313707,-0.0119953879868683,0.106896517061805,-0.27570863637195
-0.296703358055872,-0.0060557764829412,-0.0471453441664405,-0.011326401696209,0.102405548792656,-0.276136328377378
-0.295919488376964,-0.00449182197219057,-0.044174316882814,-0.010649751571424,0.097846064934879,-0.27656880285192
-0.295125464225883,-0.00291743996677141,-0.041150141464187,-0.00996597598833342,0.0932221663900138,-0.277005749224672
-0.294321990842156,-0.00133377460597442,-0.0380757701885705,-0.00927559998799534,0.0885379863609498,-0.277446871236072
-0.293509780087878,0.000258064002455184,-0.034954216536054,-0.00857913581642724,0.0837976869222467,-0.277891886229153
-0.292689549742605,0.00185699886543707,-0.0317885509705743,-0.00787708349629066,0.0790054555962397,-0.278340524414842
-0.291862022797171,0.00346198506065196,-0.0285818966048246,-0.00716993142734879,0.0741655019368177,-0.278792528114731
-0.291027926747201,0.00507200857410574,-0.0253374247586059,-0.00645815701266652,0.0692820541230133,-0.279247650984168
-0.290187992887093,0.0066860850278524,-0.0220583504206901,-0.00574222730752759,0.0643593555641135,-0.279705657218589
-0.28934295560534,0.00830325830674796,-0.0187479276243915,-0.00502259968812623,0.0594016615179613,-0.280166320745935
-0.28849355168168,0.00992259909314896,-0.0154094447476183,-0.00429972253726256,0.0544132357245542,-0.280629424407425
-0.287640519587135,0.011543203319171,-0.0120462197481419,-0.00357403594423522,0.0493983470564334,-0.281094759129593
-0.286784598787706,0.0131641905457697,-0.00866159534493083,-0.00284597241628126,0.0443612661877368,-0.281562123089989
-0.285926529052085,0.0147847022782707,-0.0052589341566724,-0.00211595759897292,0.0393062622836346,-0.282031320878476
-0.285067049764366,0.0164039002281327,-0.00184161380843473,-0.00138441100300322,0.0342375997116462,-0.282502162656691
-0.284206899242386,0.0180209645305236,0.0015869779822802,-0.000651746734950625,0.029159534776756,-0.282974463317654
-0.283346814062303,0.0196350919275893,0.0050234483289708,8.16257703947941e-05,0.0240763124818234,-0.28344804164755
-0.282487528390171,0.0212454939271488,0.00846440409794457,0.000815301018468955,0.0189921633149341,-0.283922719491756
-0.281629773320802,0.022851394946522,0.0119064568174015,0.00154887672640391,0.0139113000652696,-0.284398320926669
-0.280774276224837,0.0244520304511182,0.0153462275628535,0.002281953099745,0.00883791466909662,-0.284874671439478
-0.279921760104611,0.0260466450973896,0.0187803518079726,0.00301413211657702,0.00377617508740555,-0.285351597117656
-0.279072942959005,0.0276344908894368,0.0222054842302116,0.00374501682117392,-0.00126977778327248,-0.285828923849516
-0.278228537158062,0.02921482535862,0.0256183034605562,0.00447421062922247,-0.00629583316532788,-0.286306476537742
-0.277389248828003,0.0307869097752583,0.0290155167672051,0.00520131664668171,-0.0112979134184589,-0.286784078327686
-0.276555777246675,0.0323500074010117,0.0323938646631012,0.00592593700422162,-0.0162719770203765,-0.287261549851516
-0.275728814250311,0.0339033817908611,0.03575012542746,0.00664767220923088,-0.0212140215086152,-0.287738708490282
-0.274909043651934,0.0354462951527709,0.0390811195317601,0.00736612051727524,-0.0261200863818243,-0.288215367655272
-0.274097140671491,0.0369780067730761,0.0423837139611687,0.00808087732492158,-0.0309862559594156,-0.288691336089932
-0.273293771378515,0.0384977715153766,0.0456548264223447,0.00879153458575907,-0.0358086621980411,-0.289166417194212
-0.272499592147613,0.0400048384001421,0.0488914294294556,0.00949768025147408,-0.0405834874637573,-0.289640408372881
-0.271715249126787,0.0414984492721753,0.0520905542601555,0.0101988977397918,-0.0453069672586533,-0.290113100408947
-0.27094137771928,0.0429778375623825,0.0552492947737975,0.0108947654310171,-0.0499753929004202,-0.290584276864037
-0.270178602079064,0.0444422271501167,0.0583648110848852,0.0115848561949979,-0.0545851141539827,-0.291053713507156
-0.269427534620274,0.0458908313318342,0.0614343330849608,0.0122687369502388,-0.0591325418139481,-0.291521177773375
-0.26868877554098,0.047322851901383,0.0644551638064795,0.0129459682568524,-0.0636141502365496,-0.291986428254078
-0.267962912361169,0.0487374783468314,0.0674246826229927,0.0136161039450939,-0.0680264798201961,-0.292449214220032
-0.267250519475535,0.0501338871681705,0.0703403482802957,0.0142786907811284,-0.0723661394333852,-0.292909275179176
-0.266552157721252,0.0515112413198929,0.0731997017537027,0.0149332681717036,-0.0766298087889759,-0.293366340470729
-0.265868373960589,0.0528686897818988,0.0760003689270651,0.0155793679093609,-0.0808142407637745,-0.29382012889687
-0.265199700678836,0.0542053672614477,0.0787400630899067,0.016216513959776,-0.0849162636623045,-0.29427034839388
-0.264546655597593,0.0555203940289684,0.0814165872491492,0.0168442222928395,-0.0889327834238975,-0.294716695744309
-0.263909741303554,0.0568128758892459,0.0840278362528569,0.0174620007589881,-0.0928607857718904,-0.295158856331711
-0.26328944489299,0.0580819042896153,0.0865717987238277,0.0180693490123535,-0.0966973383042005,-0.295596503939734
-0.262686237631759,0.05932655656607,0.0890465588009131,0.0186657584821425,-0.100439592523968,-0.296029300596792
-0.262100574631229,0.060545896327405,0.0914502976873192,0.0192507123937128,-0.104084785809427,-0.296456896468275
-0.261532894540216,0.0617389739774429,0.0937812950050958,0.0198236858407443,-0.107630243322092,-0.296878929797897
-0.261241029856896,0.0627589171196927,0.0944768337763291,0.0200596021273567,-0.10936556882221,-0.297050095278438
